,iata,airport,state,capital,country,latitude,longitude
0,ABQ,Albuquerque International,Albuquerque,NM,USA,35.04022222,-106.6091944
1,ANC,Ted Stevens Anchorage International,Anchorage,AK,USA,61.17432028,-149.9961856
2,ATL,William B Hartsfield-Atlanta Intl,Atlanta,GA,USA,33.64044444,-84.42694444
3,AUS,Austin-Bergstrom International,Austin,TX,USA,30.19453278,-97.66987194
4,BDL,Bradley International,Windsor Locks,CT,USA,41.93887417,-72.68322833
5,BHM,Birmingham International,Birmingham,AL,USA,33.56294306,-86.75354972
6,BNA,Nashville International,Nashville,TN,USA,36.12447667,-86.67818222
7,BOS,Gen Edw L Logan Intl,Boston,MA,USA,42.3643475,-71.00517917
8,BUF,Buffalo Niagara Intl,Buffalo,NY,USA,42.94052472,-78.73216667
9,BUR,Burbank-Glendale-Pasadena,Burbank,CA,USA,34.20061917,-118.3584969
10,BWI,Baltimore-Washington International,Baltimore,MD,USA,39.17540167,-76.66819833
11,CHS,Charleston AFB International,Charleston,SC,USA,32.89864639,-80.04050583
12,CLE,Cleveland-Hopkins Intl,Cleveland,OH,USA,41.41089417,-81.84939667
13,CLT,Charlotte Douglas International,Charlotte,NC,USA,35.21401111,-80.94312583
14,CMH,Port Columbus Intl,Columbus,OH,USA,39.99798528,-82.89188278
15,CVG,Cincinnati Northern Kentucky Intl,Covington,KY,USA,39.04614278,-84.6621725
16,DAL,Dallas Love ,Dallas,TX,USA,32.84711389,-96.85177222
17,DCA,Ronald Reagan Washington National,Arlington,VA,USA,38.85208333,-77.03772222
18,DEN,Denver Intl,Denver,CO,USA,39.85840806,-104.6670019
19,DFW,Dallas-Fort Worth International,Dallas-Fort Worth,TX,USA,32.89595056,-97.0372
20,DTW,Detroit Metropolitan-Wayne County,Detroit,MI,USA,42.21205889,-83.34883583
21,ELP,El Paso International,El Paso,TX,USA,31.80666667,-106.3778056
22,EWR,Newark Intl,Newark,NJ,USA,40.69249722,-74.16866056
23,FLL,Fort Lauderdale-Hollywood Int'l,Ft. Lauderdale,FL,USA,26.07258333,-80.15275
24,HNL,Honolulu International,Honolulu,HI,USA,21.31869111,-157.9224072
25,HOU,William P X,Houston,TX,USA,29.64541861,-95.27888889
26,IAD,Washington Dulles International,Chantilly,VA,USA,38.94453194,-77.45580972
27,IAH,George Bush Intercontinental,Houston,TX,USA,29.98047222,-95.33972222
28,IND,Indianapolis International,Indianapolis,IN,USA,39.71732917,-86.29438417
29,JAX,Jacksonville International,Jacksonville,FL,USA,30.49405556,-81.68786111
30,JFK,John F Kennedy Intl,New York,NY,USA,40.63975111,-73.77892556
31,LAS,McCarran International,Las Vegas,NV,USA,36.08036111,-115.1523333
32,LAX,Los Angeles International,Los Angeles,CA,USA,33.94253611,-118.4080744
33,LGA,LaGuardia,New York,NY,USA,40.77724306,-73.87260917
34,LIT,Adams ,Little Rock,AR,USA,34.72939611,-92.22424556
35,MCI,Kansas City International,Kansas City,MO,USA,39.29760528,-94.71390556
36,MCO,Orlando International,Orlando,FL,USA,28.42888889,-81.31602778
37,MDW,Chicago Midway,Chicago,IL,USA,41.7859825,-87.75242444
38,MEM,Memphis International,Memphis,TN,USA,35.04241667,-89.97666667
39,MIA,Miami International,Miami,FL,USA,25.79325,-80.29055556
40,MKE,General Mitchell International,Milwaukee,WI,USA,42.94722222,-87.89658333
41,MSP,Minneapolis-St Paul Intl,Minneapolis,MN,USA,44.88054694,-93.2169225
42,MSY,New Orleans International ,New Orleans,LA,USA,29.99338889,-90.25802778
43,OAK,Metropolitan Oakland International,Oakland,CA,USA,37.72129083,-122.2207167
44,OGG,Kahului,Kahului,HI,USA,20.89864972,-156.4304578
45,OKC,Will Rogers World,Oklahoma City,OK,USA,35.39308833,-97.60073389
46,OMA,Eppley Airfield,Omaha,NE,USA,41.30251861,-95.89417306
47,ONT,Ontario International,Ontario,CA,USA,34.056,-117.6011944
48,ORD,Chicago O'Hare International,Chicago,IL,USA,41.979595,-87.90446417
49,ORF,Norfolk International,Norfolk,VA,USA,36.89461111,-76.20122222
50,PBI,Palm Beach International,West Palm Beach,FL,USA,26.68316194,-80.09559417
51,PDX,Portland Intl,Portland,OR,USA,45.58872222,-122.5975
52,PHL,Philadelphia Intl,Philadelphia,PA,USA,39.87195278,-75.24114083
53,PHX,Phoenix Sky Harbor International,Phoenix,AZ,USA,33.43416667,-112.0080556
54,PIT,Pittsburgh International,Pittsburgh,PA,USA,40.49146583,-80.23287083
55,PVD,Theodore F Green State,Providence,RI,USA,41.72399917,-71.42822111
56,RDU,Raleigh-Durham International,Raleigh,NC,USA,35.87763889,-78.78747222
57,RIC,Richmond International,Richmond,VA,USA,37.50516667,-77.31966667
58,RNO,Reno Tahoe International,Reno,NV,USA,39.49857611,-119.7680647
59,RSW,Southwest Florida International,Ft. Myers,FL,USA,26.53616667,-81.75516667
60,SAN,San Diego International-Lindbergh ,San Diego,CA,USA,32.73355611,-117.1896567
61,SAT,San Antonio International,San Antonio,TX,USA,29.53369444,-98.46977778
62,SDF,Louisville International-Standiford ,Louisville,KY,USA,38.17438889,-85.736
63,SEA,Seattle-Tacoma Intl,Seattle,WA,USA,47.44898194,-122.3093131
64,SFO,San Francisco International,San Francisco,CA,USA,37.61900194,-122.3748433
65,SJC,San Jose International,San Jose,CA,USA,37.36186194,-121.9290089
66,SJU,Luis Munoz Marin International,San Juan,PR,USA,18.43941667,-66.00183333
67,SLC,Salt Lake City Intl,Salt Lake City,UT,USA,40.78838778,-111.9777731
68,SMF,Sacramento International,Sacramento,CA,USA,38.69542167,-121.5907669
69,SNA,John Wayne  Orange Co,Santa Ana,CA,USA,33.67565861,-117.8682225
70,STL,Lambert-St Louis International,St Louis,MO,USA,38.74768694,-90.35998972
71,TPA,Tampa International ,Tampa,FL,USA,27.97547222,-82.53325
72,TUL,Tulsa International,Tulsa,OK,USA,36.19837222,-95.88824167
73,TUS,Tucson International,Tucson,AZ,USA,32.11608333,-110.9410278
74,ABE,Lehigh Valley International,Allentown,PA,USA,40.65236278,-75.44040167
75,ABI,Abilene Regional,Abilene,TX,USA,32.41132,-99.68189722
76,ABR,Aberdeen Regional,Aberdeen,SD,USA,45.44905556,-98.42183333
77,ABY,Southwest Georgia Regional,Albany,GA,USA,31.535515,-84.19447333
79,ACT,Waco Regional,Waco,TX,USA,31.61128833,-97.23051917
80,ACV,Arcata,Arcata Eureka,CA,USA,40.97811528,-124.1086189
81,ACY,Atlantic City International,Atlantic City,NJ,USA,39.45758333,-74.57716667
82,ADK,Adak,Adak,AK,USA,51.87796389,-176.6460306
83,ADQ,Kodiak ,Kodiak,AK,USA,57.74996778,-152.4938553
84,AEX,Alexandria International,Alexandria,LA,USA,31.32737167,-92.54855611
85,AGS,Bush ,Augusta,GA,USA,33.369955,-81.96449611
87,ALB,Albany Cty,Albany,NY,USA,42.74811944,-73.80297861
89,AMA,Amarillo International,Amarillo,TX,USA,35.2193725,-101.7059272
92,ASE,Aspen-Pitkin Co Sardy ,Aspen,CO,USA,39.22316,-106.868845
93,ATW,Outagamie County Regional,Appleton,WI,USA,44.25740806,-88.51947556
94,AVL,Asheville Regional,Asheville,NC,USA,35.43619444,-82.54180556
95,AVP,Wilkes-Barre Scranton Intl,Wilkes-Barre Scranton,PA,USA,41.33814944,-75.7242675
96,AZO,Kalamazoo County,Kalamazoo,MI,USA,42.234875,-85.5520575
97,BET,Bethel,Bethel,AK,USA,60.77977639,-161.8379975
98,BFL,Meadows ,Bakersfield,CA,USA,35.43359806,-119.0567681
99,BGM,Binghamton Regional,Binghamton,NY,USA,42.20848278,-75.97961361
100,BGR,Bangor International,Bangor,ME,USA,44.80744444,-68.82813889
101,BIL,Billings Logan Intl,Billings,MT,USA,45.8076625,-108.5428611
102,BIS,Bismarck Municipal,Bismarck,ND,USA,46.77411111,-100.7467222
104,BLI,Bellingham Intl,Bellingham,WA,USA,48.79275,-122.5375278
105,BMI,Central Illinois Regional,Bloomington,IL,USA,40.47798556,-88.91595278
106,BOI,Boise Air Terminal,Boise,ID,USA,43.56444444,-116.2227778
108,BQK,Glynco Jetport,Brunswick,GA,USA,31.25902778,-81.46630556
109,BQN,Rafael Hernandez,Aguadilla,PR,USA,18.49486111,-67.12944444
111,BRO,Brownsville S.Padre Island International,Brownsville,TX,USA,25.90683333,-97.42586111
112,BRW,Wiley Post Will Rogers Memorial,Barrow,AK,USA,71.2854475,-156.7660019
113,BTM,Bert Mooney,Butte,MT,USA,45.95479528,-112.49746
114,BTR,Baton Rouge Metropolitan,Baton Rouge,LA,USA,30.53316083,-91.14963444
115,BTV,Burlington International,Burlington,VT,USA,44.47300361,-73.1503125
116,BZN,Gallatin ,Bozeman,MT,USA,45.77690139,-111.1530072
117,CAE,Columbia Metropolitan,Columbia,SC,USA,33.93884,-81.11953944
118,CAK,Akron-Canton Regional,Akron,OH,USA,40.91631194,-81.44246556
119,CDC,Cedar City Muni,Cedar City,UT,USA,37.70097028,-113.098575
120,CDV,Merle K (Mudhole) Smith,Cordova,AK,USA,60.49183389,-145.4776503
121,CEC,Jack McNamara ,Crescent City,CA,USA,41.78015722,-124.2365333
122,CHA,Lovell ,Chattanooga,TN,USA,35.03526833,-85.20378778
123,CHO,Charlottesville-Albermarle,Charlottesville,VA,USA,38.13863889,-78.45286111
124,CIC,Chico Municipal,Chico,CA,USA,39.79538278,-121.8584231
125,CID,Eastern Iowa ,Cedar Rapids,IA,USA,41.88458833,-91.71087222
127,CLD,MC Clellan-Palomar Airport,,,USA,33.127231,-117.278727
128,CLL,Easterwood ,College Station,TX,USA,30.58858944,-96.36382417
129,CMI,University of Illinois-Willard,Champaign Urbana,IL,USA,40.03925,-88.27805556
130,CMX,Houghton County Memorial,Hancock,MI,USA,47.16841722,-88.48906083
132,COD,Yellowstone Regional,Cody,WY,USA,44.52019417,-109.0237961
133,COS,City of Colorado Springs Muni,Colorado Springs,CO,USA,38.80580556,-104.70025
134,COU,Columbia Regional,Columbia,MO,USA,38.81809306,-92.21962917
135,CPR,Natrona County Intl,Casper,WY,USA,42.90835556,-106.4644661
136,CRP,Corpus Christi International,Corpus Christi,TX,USA,27.77036083,-97.50121528
137,CRW,Yeager,Charleston,WV,USA,38.37315083,-81.59318972
138,CSG,Columbus Metropolitan,Columbus,GA,USA,32.51633333,-84.93886111
139,CWA,Central Wisconsin,Mosinee,WI,USA,44.77761917,-89.66677944
140,CYS,Cheyenne,Cheyenne,WY,USA,41.1557225,-104.8118381
141,DAB,Daytona Beach International,Daytona Beach,FL,USA,29.17991667,-81.05805556
142,DAY,James M Cox Dayton Intl,Dayton,OH,USA,39.90237583,-84.219375
143,DBQ,Dubuque Municipal,Dubuque,IA,USA,42.40295944,-90.70916722
144,DHN,Dothan ,Dothan,AL,USA,31.32133917,-85.44962889
147,DLH,Duluth International,Duluth,MN,USA,46.84209028,-92.19364861
148,DRO,Durango-La Plata County,Durango,CO,USA,37.15151667,-107.7537692
150,DSM,Des Moines International,Des Moines,IA,USA,41.53493306,-93.66068222
152,EAU,Chippewa Valley Regional,Eau Claire,WI,USA,44.86525722,-91.48507194
153,EGE,Eagle County Regional,Eagle,CO,USA,39.64256778,-106.9176953
154,EKO,Elko Regional,Elko,NV,USA,40.82492611,-115.7916964
155,ELM,Elmira Corning Regional,Elmira,NY,USA,42.15991361,-76.89144333
156,ERI,Erie Intl,Erie,PA,USA,42.08202139,-80.17621556
158,EUG,Mahlon Sweet ,Eugene,OR,USA,44.12326,-123.2186856
159,EVV,Evansville Regional,Evansville,IN,USA,38.03799139,-87.53062667
160,EWN,Craven County Regional,New Bern,NC,USA,35.07297222,-77.04294444
161,EYW,Key West International,Key West,FL,USA,24.55611111,-81.75955556
162,FAI,Fairbanks International,Fairbanks,AK,USA,64.8136775,-147.8596694
163,FAR,Hector International,Fargo,ND,USA,46.91934889,-96.81498889
164,FAT,Fresno Yosemite International,Fresno,CA,USA,36.77619444,-119.7181389
165,FAY,Fayetteville Municipal,Fayetteville,NC,USA,34.99147222,-78.88
166,FCA,Glacier Park Intl,Kalispell,MT,USA,48.31140472,-114.2550694
167,FLG,Flagstaff Pulliam,Flagstaff,AZ,USA,35.13845472,-111.6712183
168,FLO,Florence Regional,Florence,SC,USA,34.18536111,-79.72388889
169,FNT,Bishop,Flint,MI,USA,42.96550333,-83.74345639
171,FSD,Joe Foss ,Sioux Falls,SD,USA,43.58135111,-96.74170028
172,FSM,Fort Smith Regional,Fort Smith,AR,USA,35.33659028,-94.36744111
173,FWA,Fort Wayne International,Fort Wayne,IN,USA,40.97846583,-85.19514639
174,GCC,Gillette-Campbell County,Gillette,WY,USA,44.34889806,-105.5393614
176,GEG,Spokane Intl,Spokane,WA,USA,47.61985556,-117.5338425
177,GFK,Grand Forks International,Grand Forks,ND,USA,47.949255,-97.17611111
178,GGG,Gregg County,Longview,TX,USA,32.38486111,-94.71171
179,GJT,Walker ,Grand Junction,CO,USA,39.1224125,-108.5267347
180,GNV,Gainesville Regional,Gainesville,FL,USA,29.69005556,-82.27177778
181,GPT,Gulfport-Biloxi Regional,Gulfport-Biloxi,MS,USA,30.40728028,-89.07009278
182,GRB,Austin Straubel International,Green Bay,WI,USA,44.48507333,-88.12959
184,GRK,Robert Gray AAF,Killeen,TX,USA,31.06489778,-97.82779778
185,GRR,Kent County International,Grand Rapids,MI,USA,42.88081972,-85.52276778
186,GSO,Piedmont Triad International,Greensboro,NC,USA,36.09774694,-79.9372975
187,GSP,Greenville-Spartanburg,Greer,SC,USA,34.89566722,-82.21885833
189,GTF,Great Falls Intl,Great Falls,MT,USA,47.48200194,-111.3706853
190,GTR,Golden Triangle Regional,Columbus-Starkville-West Point,MS,USA,33.45033444,-88.59136861
191,GUC,Gunnison County,Gunnison,CO,USA,38.53396333,-106.9331817
192,GUM,Guam International,Agana,GU,USA,13.48345,-144.7959825
193,HDN,Yampa Valley,Hayden,CO,USA,40.48118028,-107.2176597
195,HLN,Helena Regional,Helena,MT,USA,46.60681806,-111.9827503
197,HPN,Westchester Cty,White Plains,NY,USA,41.06695778,-73.70757444
198,HRL,Valley International,Harlingen,TX,USA,26.22850611,-97.65439389
199,HSV,Huntsville International ,Huntsville,AL,USA,34.6404475,-86.77310944
200,HTS,Tri-State Walker-Long ,Huntington,WV,USA,38.36666667,-82.55802778
203,ICT,Wichita Mid-Continent,Wichita,KS,USA,37.64995889,-97.43304583
204,IDA,Idaho Falls Regional,Idaho Falls,ID,USA,43.51455556,-112.0701667
206,ILM,Wilmington International,Wilmington,NC,USA,34.27061111,-77.90255556
209,IPL,Imperial County,Imperial,CA,USA,32.83422028,-115.5787456
211,ISP,Long Island - MacArthur,Islip,NY,USA,40.7952425,-73.10021194
212,ITH,Tompkins Cty ,Ithaca,NY,USA,42.49102778,-76.45844444
213,ITO,Hilo International,Hilo,HI,USA,19.72026306,-155.0484703
214,IYK,Inyokern,Inyokern,CA,USA,35.65884306,-117.8295122
215,JAC,Jackson Hole,Jackson,WY,USA,43.60732417,-110.7377389
216,JAN,Jackson International,Jackson,MS,USA,32.31116667,-90.07588889
219,JNU,Juneau International,Juneau,AK,USA,58.35496194,-134.5762764
220,KOA,Kona International At Keahole,Kailua Kona,HI,USA,19.73876583,-156.0456314
221,KTN,Ketchikan International,Ketchikan,AK,USA,55.35556861,-131.71374
222,LAN,Capital City,Lansing,MI,USA,42.7787,-84.58735806
225,LBB,Lubbock International,Lubbock,TX,USA,33.66363889,-101.8227778
226,LCH,Lake Charles Regional,Lake Charles,LA,USA,30.1260975,-93.22340361
227,LEX,Blue Grass ,Lexington,KY,USA,38.03697222,-84.60538889
228,LFT,Lafayette Regional,Lafayette,LA,USA,30.20527972,-91.987655
229,LGB,Long Beach (Daugherty ),Long Beach,CA,USA,33.81772222,-118.1516111
230,LIH,Lihue,Lihue,HI,USA,21.97598306,-159.3389581
231,LMT,Klamath Falls International,Klamath Falls,OR,USA,42.15614361,-121.7332081
232,LNK,Lincoln Municipal,Lincoln,NE,USA,40.85097222,-96.75925
233,LRD,Laredo International,Laredo,TX,USA,27.54373861,-99.46154361
234,LSE,La Crosse Municipal,La Crosse,WI,USA,43.87937972,-91.25653778
235,LWB,Greenbrier Valley,Lewisburg,WV,USA,37.85830556,-80.39947222
236,LWS,Lewiston-Nez Perce County,Lewiston,ID,USA,46.37449806,-117.0153944
237,LYH,Lynchburg Municipal-Preston Glenn ,Lynchburg,VA,USA,37.32668528,-79.20043056
238,MAF,Midland International,Midland,TX,USA,31.94252778,-102.2019139
239,MBS,Mbs International,Saginaw,MI,USA,43.53291472,-84.07964722
241,MDT,Harrisburg Intl,Harrisburg,PA,USA,40.19349528,-76.76340361
242,MEI,Key ,Meridian,MS,USA,32.33313333,-88.75120556
243,MFE,McAllen Miller International,McAllen,TX,USA,26.17583333,-98.23861111
244,MFR,Rogue Valley International,Medford,OR,USA,42.37422778,-122.8734978
245,MGM,Montgomery Regional Apt,Montgomery,AL,USA,32.30064417,-86.39397611
246,MHK,Manhattan Regional,Manhattan,KS,USA,39.14096722,-96.67083278
247,MHT,Manchester,Manchester,NH,USA,42.93451639,-71.43705583
248,MKG,Muskegon County,Muskegon,MI,USA,43.16948806,-86.23822306
249,MLB,Melbourne International ,Melbourne,FL,USA,28.10275,-80.64580556
250,MLI,Quad City,Moline,IL,USA,41.44852639,-90.50753917
251,MLU,Monroe Regional,Monroe,LA,USA,32.51086556,-92.03768778
252,MMH,Mammoth Yosemite,Mammoth Lakes,CA,USA,37.62404861,-118.8377722
253,MOB,Mobile Regional,Mobile,AL,USA,30.69141667,-88.24283333
254,MOD,Modesto City-County-Harry Sham ,Modesto,CA,USA,37.62581722,-120.9544214
255,MOT,Minot International,Minot,ND,USA,48.25937778,-101.2803339
256,MQT,Marquette County Airport,,,USA,46.353639,-87.395361
257,MRY,Monterey Peninsula,Monterey,CA,USA,36.5869825,-121.8429478
258,MSN,Dane County Regional,Madison,WI,USA,43.13985778,-89.33751361
259,MSO,Missoula International,Missoula,MT,USA,46.91630556,-114.0905556
260,MTJ,Montrose Regional,Montrose,CO,USA,38.50886722,-107.8938333
263,MYR,Myrtle Beach International,Myrtle Beach,SC,USA,33.67975,-78.92833333
264,OAJ,Albert J Ellis,Jacksonville,NC,USA,34.82916444,-77.61213778
265,OME,Nome,Nome,AK,USA,64.51220222,-165.4452458
267,OTH,North Bend Muni,North Bend,OR,USA,43.41713889,-124.2460278
268,OTZ,Ralph Wien Memorial,Kotzebue,AK,USA,66.88467694,-162.5985497
270,PAH,Barkley Regional,Paducah,KY,USA,37.06083333,-88.77375
272,PHF,Newport News Williamsburg International,Newport News,VA,USA,37.13189556,-76.4929875
273,PIA,Greater Peoria Regional,Peoria,IL,USA,40.66424333,-89.69330556
275,PIE,St. Petersburg-Clearwater International,St. Petersburg,FL,USA,27.91076333,-82.68743944
276,PIH,Pocatello Regional,Pocatello,ID,USA,42.91130556,-112.5958611
278,PLN,Pellston Regional  of Emmet County,Pellston,MI,USA,45.5709275,-84.796715
279,PNS,Pensacola Regional,Pensacola,FL,USA,30.47330556,-87.18744444
281,PSC,Tri-Cities,Pasco,WA,USA,46.26468028,-119.1190292
282,PSE,Mercedita,Ponce,PR,USA,18.00830278,-66.56301194
283,PSG,James C. Johnson Petersburg,Petersburg,AK,USA,56.80165194,-132.9452781
284,PSP,Palm Springs International,Palm Springs,CA,USA,33.82921556,-116.5062531
286,PWM,Portland International Jetport,Portland,ME,USA,43.64616667,-70.30875
287,RAP,Rapid City Regional,Rapid City,SD,USA,44.04532139,-103.0573708
288,RDD,Redding Municipal,Redding,CA,USA,40.50898361,-122.2934019
289,RDM,Roberts ,Redmond,OR,USA,44.25406722,-121.1499633
292,RKS,Rock Springs-Sweetwater County,Rock Springs,WY,USA,41.5942175,-109.0651928
293,ROA,Roanoke Regional  Woodrum ,Roanoke,VA,USA,37.32546833,-79.97542833
294,ROC,Greater Rochester Int'l,Rochester,NY,USA,43.11886611,-77.67238389
295,ROW,Roswell Industrial Air Center,Roswell,NM,USA,33.30155556,-104.5305556
296,RST,Rochester International,Rochester,MN,USA,43.90882639,-92.49798722
297,SAF,Santa Fe Municipal,Santa Fe,NM,USA,35.61677778,-106.0881389
298,SAV,Savannah International,Savannah,GA,USA,32.12758333,-81.20213889
299,SBA,Santa Barbara Municipal,Santa Barbara,CA,USA,34.42621194,-119.8403733
300,SBN,South Bend Regional,South Bend,IN,USA,41.70895361,-86.31847417
301,SBP,San Luis Obispo Co-McChesney ,San Luis Obispo,CA,USA,35.23705806,-120.6423931
302,SCC,Deadhorse,Deadhorse,AK,USA,70.19475583,-148.4651608
303,SCE,University Park,,,USA,40.851206,-77.846302
304,SGF,Springfield-Branson Regional,Springfield,MO,USA,37.24432611,-93.38685806
305,SGU,St George Muni,St George,UT,USA,37.09058333,-113.5930556
307,SHV,Shreveport Regional,Shreveport,LA,USA,32.4466275,-93.82559833
308,SIT,Sitka,Sitka,AK,USA,57.04713806,-135.3615983
309,SJT,San Angelo Regional  Mathis ,San Angelo,TX,USA,31.35775,-100.4963056
310,SMX,Santa Maria Pub Capt G Allan Hancock ,Santa Maria,CA,USA,34.89924833,-120.4575825
311,SPI,Capital,Springfield,IL,USA,39.84395194,-89.67761861
313,SPS,Sheppard AFB Wichita Falls Municipal,Wichita Falls,TX,USA,33.98879611,-98.49189333
314,SRQ,Sarasota Bradenton International,Sarasota,FL,USA,27.39533333,-82.55411111
316,STT,Cyril E. King,Charlotte Amalie,VI,USA,18.33730556,-64.97336111
317,STX,Henry E. Rohlsen ,Christiansted,VI,USA,17.70188889,-64.79855556
318,SUN,Friedman Memorial,Hailey,ID,USA,43.50484139,-114.2965903
320,SWF,Stewart,Newburgh,NY,USA,41.50409361,-74.10483833
321,SYR,Syracuse-Hancock Intl,Syracuse,NY,USA,43.11118694,-76.10631056
322,TEX,Telluride Regional,Telluride,CO,USA,37.95375861,-107.90848
323,TLH,Tallahassee Regional,Tallahassee,FL,USA,30.39652778,-84.35033333
324,TOL,Toledo Express,Toledo,OH,USA,41.58680556,-83.80783333
325,TRI,Tri-Cities Regional,Bristol,TN,USA,36.47521417,-82.40742056
328,TVC,Cherry Capital,Traverse City,MI,USA,44.74144472,-85.582235
329,TWF,Joslin Field - Magic Valley,Twin Falls,ID,USA,42.48180389,-114.4877356
330,TXK,Texarkana Regional-Webb ,Texarkana,AR,USA,33.45370806,-93.99102
331,TYR,Tyler Pounds ,Tyler,TX,USA,32.35413889,-95.40238611
332,TYS,McGhee-Tyson,Knoxville,TN,USA,35.81248722,-83.99285583
334,VLD,Valdosta Regional,Valdosta,GA,USA,30.7825,-83.27672222
335,VPS,Eglin Air Force Base,Valparaiso,FL,USA,30.48325,-86.5254
336,WRG,Wrangell,Wrangell,AK,USA,56.48432583,-132.3698242
338,XNA,Northwest Arkansas Regional,Fayetteville Springdale Rogers,AR,USA,36.28186944,-94.30681111
339,YAK,Yakutat,Yakutat,AK,USA,59.50336056,-139.6602261
340,YUM,Yuma MCAS-Yuma International,Yuma,AZ,USA,32.65658333,-114.6059722
